Activity Type,Date,Favorite,Title,Distance,Calories,Time,Avg HR,Max HR,Aerobic TE,Avg Run Cadence,Max Run Cadence,Avg Pace,Best Pace,Elev Gain,Elev Loss,Avg Stride Length,Avg Vertical Ratio,Avg Vertical Oscillation,Avg Run Cadence,Max Run Cadence,Training Stress ScoreÂ®,Grit,Flow,Total Strokes,Total Reps,Total Sets,Climb Time,Bottom Time,Min Temp,Surface Interval,Decompression,Best Lap Time,Number of Laps,Max Temp
Running,26/08/2020 18:24,FALSE,Sheffield Running,3.02,313,00:19:48,142,159,3,157,237,06:33,05:09,40,63,0.97,0,0,--,--,0,0,0,--,--,--,19:48,00:00,0,00:00,No,00:09.8,4,0
Running,25/08/2020 18:27,FALSE,Sheffield Running,1.01,116,07:26.7,139,157,2.1,154,176,07:23,05:02,21,--,0.88,0,0,--,--,0,0,0,--,--,--,07:26.7,00:00,0,00:00,No,00:04.9,2,0
Running,24/08/2020 18:25,FALSE,Sheffield Running,3.02,343,00:20:20,151,167,3.3,153,242,06:44,04:58,41,63,0.97,0,0,--,--,0,0,0,--,--,--,20:20,00:00,0,00:00,No,00:08.7,4,0
Running,15/08/2020 15:00,FALSE,Sheffield Running,1.01,104,05:55.7,156,174,2.2,166,188,05:54,04:08,--,21,1.02,0,0,--,--,0,0,0,--,--,--,05:55.7,00:00,0,00:00,No,00:02.8,2,0
Running,15/08/2020 14:35,FALSE,Sheffield Running,3.02,352,00:19:48,157,171,3.4,155,210,06:34,05:10,41,66,0.99,0,0,--,--,0,0,0,--,--,--,19:48,00:00,0,00:00,No,00:08.8,4,0
Running,13/08/2020 18:22,FALSE,Sheffield Running,4.01,470,00:28:03,150,185,3.5,153,245,06:59,05:42,62,56,0.93,0,0,--,--,0,0,0,--,--,--,28:03:00,00:00,0,00:00,No,00:05.4,5,0
Running,12/08/2020 18:31,FALSE,Sheffield Running,3,330,00:20:00,147,166,3.2,154,218,06:40,05:13,46,72,0.97,0,0,--,--,0,0,0,--,--,--,20:00,00:00,0,00:00,No,06:10.9,3,0
Running,08/08/2020 01:58,FALSE,Sheffield Running,0.39,34,01:10:21,112,113,1,118,118,--,12:04,--,--,0.05,0,0,--,--,0,0,0,--,--,--,01:10:21,00:00,0,00:00,No,10:21.2,1,0
Running,07/08/2020 09:18,FALSE,Sheffield Running,4.01,470,00:28:18,149,175,3.6,149,248,07:04,05:11,55,88,0.95,0,0,--,--,0,0,0,--,--,--,28:18:00,00:00,0,00:00,No,00:03.6,5,0
Running,28/07/2020 17:32,FALSE,Sheffield Running,3,355,00:21:56,145,164,3.1,151,176,07:18,04:54,99,133,0.91,0,0,--,--,0,0,0,--,--,--,21:56,00:00,0,00:00,No,00:04.1,4,0
Running,24/07/2020 18:32,FALSE,Sheffield Running,3.03,304,00:19:22,140,152,3,157,172,06:24,05:23,76,94,0.99,0,0,--,--,0,0,0,--,--,--,19:22,00:00,0,00:00,No,00:10.5,4,0
Running,22/07/2020 17:15,FALSE,Sheffield Running,3,322,00:19:40,146,164,3.1,155,172,06:33,05:11,40,62,0.99,0,0,--,--,0,0,0,--,--,--,19:40,00:00,0,00:00,No,00:00.7,4,0
Running,20/07/2020 17:35,FALSE,Sheffield Running,4.03,365,00:26:59,144,170,3.3,152,232,06:42,04:59,21,80,0.98,0,0,--,--,0,0,0,--,--,--,26:59:00,00:00,0,00:00,No,00:09.8,5,0
Running,10/07/2020 18:18,FALSE,Sheffield Running,3.01,162,00:18:07,115,136,1.5,157,175,06:02,04:47,40,60,1.05,0,0,--,--,0,0,0,--,--,--,18:07,00:00,0,00:00,No,00:03.3,4,0
Running,08/07/2020 16:43,FALSE,Sheffield Running,5.01,468,00:33:04,152,199,3.7,151,170,06:36,05:06,74,131,1,0,0,--,--,0,0,0,--,--,--,33:04:00,00:00,0,00:00,No,00:05.1,6,0
Running,06/07/2020 18:41,FALSE,Sheffield Running,5.1,514,00:33:26,156,184,4.3,152,234,06:33,04:57,14,99,1,0,0,--,--,0,0,0,--,--,--,33:26:00,00:00,0,00:00,No,01:11.5,6,0
Treadmill Running,25/06/2020 18:49,FALSE,Treadmill Running,2.01,214,00:13:55,154,164,3.1,153,203,06:55,04:43,--,--,0.94,0,0,--,--,0,0,0,--,--,--,13:55,00:00,0,00:00,No,00:04.0,3,0
Treadmill Running,24/06/2020 04:52,FALSE,Treadmill Running,1.01,108,07:45.8,140,153,2.2,149,196,07:40,04:52,--,--,0.88,0,0,--,--,0,0,0,--,--,--,07:45.8,00:00,0,00:00,No,00:04.2,2,0
Running,16/06/2020 17:12,FALSE,Sheffield Running,3.02,281,00:18:34,152,164,3.1,162,245,06:09,04:57,24,67,1.01,0,0,--,--,0,0,0,--,--,--,18:34,00:00,0,00:00,No,00:07.8,4,0
Running,11/06/2020 15:46,FALSE,Sheffield Running,5.02,468,00:34:08,146,166,3.1,154,227,06:48,05:02,71,123,0.95,0,0,--,--,0,0,0,--,--,--,34:08:00,00:00,0,00:00,No,00:09.5,6,0
Running,09/06/2020 18:07,FALSE,Sheffield Running,5.01,511,00:32:53,158,190,4,155,240,06:33,04:41,66,100,0.98,0,0,--,--,0,0,0,--,--,--,32:53:00,00:00,0,00:00,No,00:08.2,6,0
Running,08/06/2020 18:10,FALSE,Sheffield Running,4.01,394,00:26:43,151,168,3.3,153,180,06:40,04:29,36,98,0.98,0,0,--,--,0,0,0,--,--,--,26:43:00,00:00,0,00:00,No,00:02.0,5,0
Running,06/06/2020 17:03,FALSE,Sheffield Running,5.01,412,00:34:09,135,173,2.6,155,222,06:49,04:38,42,94,0.95,0,0,--,--,0,0,0,--,--,--,34:09:00,00:00,0,00:00,No,00:03.2,6,0
Running,05/06/2020 18:15,FALSE,Sheffield Running,3.01,286,00:20:24,144,164,2.9,159,174,06:47,04:57,23,74,0.93,0,0,--,--,0,0,0,--,--,--,20:24,00:00,0,00:00,No,00:04.4,4,0
Running,28/05/2020 17:09,FALSE,Sheffield Running,5.01,476,00:34:15,145,178,3.5,154,245,06:50,04:54,68,100,0.95,0,0,--,--,0,0,0,--,--,--,34:15:00,00:00,0,00:00,No,00:03.9,6,0
Running,27/05/2020 18:32,FALSE,Sheffield Running,5.02,501,00:34:16,152,181,3.7,154,236,06:50,03:37,39,99,0.95,0,0,--,--,0,0,0,--,--,--,34:16:00,00:00,0,00:00,No,00:09.7,6,0
Running,26/05/2020 18:36,FALSE,Sheffield Running,3.51,367,00:26:36,144,172,3.1,144,235,07:34,03:53,75,29,0.91,0,0,--,--,0,0,0,--,--,--,26:36:00,00:00,0,00:00,No,03:03.9,4,0
Running,25/05/2020 17:54,FALSE,Sheffield Running,3.01,282,00:20:17,144,161,2.9,153,232,06:45,05:30,35,64,0.96,0,0,--,--,0,0,0,--,--,--,20:17,00:00,0,00:00,No,00:02.8,4,0
Running,19/05/2020 17:42,FALSE,Sheffield Running,4,441,00:30:01,152,192,3.5,149,245,07:30,04:58,57,90,0.89,0,0,--,--,0,0,0,--,--,--,30:01:00,00:00,0,00:00,No,00:01.7,5,0
Running,18/05/2020 17:52,FALSE,Sheffield Running,3,329,00:22:09,154,178,3.4,147,245,07:22,03:38,36,65,0.92,0,0,--,--,0,0,0,--,--,--,22:09,00:00,0,00:00,No,00:02.5,4,0
Running,14/05/2020 18:07,FALSE,Sheffield Running,5.05,414,00:32:44,139,176,3.1,153,176,06:29,04:36,53,105,1,0,0,--,--,0,0,0,--,--,--,32:44:00,00:00,0,00:00,No,00:18.4,6,0
Running,13/05/2020 17:39,FALSE,Sheffield Running,5.1,503,00:34:13,153,173,3.6,153,176,06:42,04:57,48,98,0.97,0,0,--,--,0,0,0,--,--,--,34:13:00,00:00,0,00:00,No,00:31.9,6,0
Running,12/05/2020 17:26,FALSE,Sheffield Running,5.02,433,00:31:43,143,167,3.3,157,239,06:19,04:35,44,100,1.01,0,0,--,--,0,0,0,--,--,--,31:43:00,00:00,0,00:00,No,00:05.8,6,0
Running,11/05/2020 18:26,FALSE,Sheffield Running,2.87,191,00:19:00,121,140,1.9,153,176,06:37,04:48,29,77,0.99,0,0,--,--,0,0,0,--,--,--,19:00,00:00,0,00:00,No,01:37.7,4,0
Running,07/05/2020 18:26,FALSE,Sheffield Running,3.03,285,00:18:50,151,163,3.3,159,172,06:13,05:15,27,80,1.01,0,0,--,--,0,0,0,--,--,--,18:50,00:00,0,00:00,No,00:09.7,4,0
Cardio,04/05/2020 18:20,FALSE,Monday indoor workout,0,--,00:00:00,--,--,--,--,--,--,--,--,--,0,0,0,--,--,0,0,0,--,330,10,--,00:00,0,00:00,No,00:00.0,1,0
Treadmill Running,04/05/2020 18:10,FALSE,Treadmill Running,2.01,199,00:12:22,163,183,3.1,163,223,06:09,03:37,--,--,1,0,0,--,--,0,0,0,--,--,--,12:22,00:00,0,00:00,No,00:05.2,3,0
Running,01/05/2020 17:53,FALSE,Sheffield Running,5,535,00:36:23,154,181,3.9,147,242,07:16,04:50,105,82,0.93,0,0,--,--,0,0,0,--,--,--,36:23:00,00:00,0,00:00,No,00:02.0,6,0
Treadmill Running,28/04/2020 17:02,FALSE,Treadmill Running,3.01,321,00:19:21,165,177,3.8,161,213,06:26,03:56,--,--,0.96,0,0,--,--,0,0,0,--,--,--,19:21,00:00,0,00:00,No,00:08.1,4,0
Running,27/04/2020 18:17,FALSE,Sheffield Running,3,312,00:23:37,139,181,3.2,145,240,07:52,03:33,72,5,0.87,0,0,--,--,0,0,0,--,--,--,23:37,00:00,0,00:00,No,00:02.6,4,0
Treadmill Running,27/04/2020 17:48,FALSE,Treadmill Running,1.01,107,06:59.7,152,170,2.3,156,213,06:55,03:58,--,--,0.92,0,0,--,--,0,0,0,--,--,--,06:59.7,00:00,0,00:00,No,00:03.2,2,0
Treadmill Running,17/04/2020 18:47,FALSE,Treadmill Running,1.01,92,06:47.2,136,150,2,152,243,06:42,02:59,--,--,0.98,0,0,--,--,0,0,0,--,--,--,06:47.2,00:00,0,00:00,No,00:05.2,2,0
Treadmill Running,16/04/2020 18:05,FALSE,Treadmill Running,1.01,79,05:37.9,140,152,2,169,226,05:36,02:31,--,--,1.06,0,0,--,--,0,0,0,--,--,--,05:37.9,00:00,0,00:00,No,00:03.5,2,0
Running,15/04/2020 17:18,FALSE,Sheffield Running,5.02,530,00:34:12,156,183,4,148,243,06:48,04:41,70,115,0.99,0,0,--,--,0,0,0,--,--,--,34:12:00,00:00,0,00:00,No,00:09.9,6,0
Running,08/04/2020 17:47,FALSE,Sheffield Running,5.01,315,00:32:37,122,144,2.1,153,235,06:30,05:00,77,120,1,0,0,--,--,0,0,0,--,--,--,32:37:00,00:00,0,00:00,No,00:05.6,6,0
Running,02/04/2020 17:19,FALSE,Sheffield Running,5.03,452,00:31:46,147,173,3.2,151,237,06:19,04:25,67,110,1.04,0,0,--,--,0,0,0,--,--,--,31:46:00,00:00,0,00:00,No,00:08.7,6,0
Running,27/03/2020 16:48,FALSE,Sheffield Running,5.01,469,00:33:14,145,170,3.3,150,245,06:38,04:03,63,97,1,0,0,--,--,0,0,0,--,--,--,33:14:00,00:00,0,00:00,No,00:03.5,6,0
Running,20/03/2020 17:49,FALSE,Sheffield Running,5,430,00:31:39,143,173,3.1,156,234,06:20,04:20,61,106,1.01,0,0,--,--,0,0,0,--,--,--,31:39:00,00:00,0,00:00,No,00:05.2,6,0
Running,19/03/2020 15:01,FALSE,Sheffield Running,5.01,417,00:32:28,140,167,3,155,243,06:29,04:04,58,100,0.99,0,0,--,--,0,0,0,--,--,--,32:28:00,00:00,0,00:00,No,00:14.7,6,0
Running,12/03/2020 18:27,FALSE,Sheffield Running,5.03,456,00:33:15,149,175,3.2,156,248,06:37,04:50,26,71,0.97,0,0,--,--,0,0,0,--,--,--,33:15:00,00:00,0,00:00,No,00:13.7,6,0
Running,11/03/2020 18:55,FALSE,Sheffield Running,5.11,477,00:32:52,154,171,3.6,157,174,06:26,05:02,25,65,0.99,0,0,--,--,0,0,0,--,--,--,32:52:00,00:00,0,00:00,No,00:39.3,6,0
Running,10/03/2020 18:29,FALSE,Sheffield Running,5.03,502,00:36:08,152,174,3.5,151,240,07:11,05:06,26,67,0.92,0,0,--,--,0,0,0,--,--,--,36:08:00,00:00,0,00:00,No,00:09.7,6,0
Running,06/03/2020 18:23,FALSE,Sheffield Running,5.12,518,00:32:21,165,190,4.3,157,241,06:19,05:03,27,70,1,0,0,--,--,0,0,0,--,--,--,32:21:00,00:00,0,00:00,No,00:33.4,6,0
Running,04/03/2020 19:13,FALSE,Sheffield Running,5.05,473,00:32:05,154,174,4,160,240,06:21,04:59,25,69,0.99,0,0,--,--,0,0,0,--,--,--,32:05:00,00:00,0,00:00,No,00:19.5,6,0
Running,03/03/2020 18:31,FALSE,Sheffield Running,5.01,474,00:31:22,157,182,4.1,159,248,06:16,04:23,24,68,1,0,0,--,--,0,0,0,--,--,--,31:22:00,00:00,0,00:00,No,00:03.5,6,0
Running,28/02/2020 18:08,FALSE,Sheffield Running,5.11,525,00:35:55,154,188,3.9,151,177,07:02,04:53,23,67,0.94,0,0,--,--,0,0,0,--,--,--,35:55:00,00:00,0,00:00,No,00:12.5,7,0
Running,24/02/2020 18:20,FALSE,Sheffield Running,2.22,202,00:13:54,150,180,3,161,173,06:15,04:59,9,91,0.99,0,0,--,--,0,0,0,--,--,--,13:54,00:00,0,00:00,No,01:15.5,3,0
Running,24/02/2020 17:07,FALSE,Sheffield Running,3.19,305,00:25:37,139,169,2.6,141,240,08:02,04:53,82,50,0.88,0,0,--,--,0,0,0,--,--,--,25:37:00,00:00,0,00:00,No,01:28.5,4,0
Running,21/02/2020 18:16,FALSE,Sheffield Running,5.02,472,00:32:41,150,178,3.8,157,240,06:31,04:35,30,71,0.98,0,0,--,--,0,0,0,--,--,--,32:41:00,00:00,0,00:00,No,00:08.2,6,0
Running,19/02/2020 18:50,FALSE,Sheffield Running,5.13,507,00:33:32,156,173,4.1,159,243,06:32,04:54,28,72,0.96,0,0,--,--,0,0,0,--,--,--,33:32:00,00:00,0,00:00,No,00:45.7,6,0
Running,18/02/2020 18:15,FALSE,Sheffield Running,4,346,00:24:47,146,167,3.2,159,184,06:11,04:21,102,113,1.02,0,0,--,--,0,0,0,--,--,--,24:47:00,00:00,0,00:00,No,00:02.6,5,0
Running,25/01/2020 11:40,FALSE,Sheffield Running,1.01,101,06:07.5,169,186,2.6,167,184,06:03,04:51,2,24,0.99,0,0,--,--,0,0,0,--,--,--,06:07.5,00:00,0,00:00,No,00:05.6,2,0
Running,25/01/2020 10:56,FALSE,Sheffield Running,5.01,499,00:36:20,148,172,3.6,149,242,07:16,04:50,69,70,0.92,0,0,--,--,0,0,0,--,--,--,36:20:00,00:00,0,00:00,No,00:02.3,6,0
Running,18/01/2020 15:29,FALSE,Sheffield Running,6.03,651,00:44:07,155,186,4.7,142,174,07:19,05:01,94,76,0.95,0,0,--,--,0,0,0,--,--,--,44:07:00,00:00,0,00:00,No,00:11.2,7,0
Running,11/01/2020 15:42,FALSE,Sheffield Running,1.02,96,06:14.6,159,173,2.3,162,173,06:08,05:01,--,29,1,0,0,--,--,0,0,0,--,--,--,06:14.6,00:00,0,00:00,No,00:06.1,2,0
Running,11/01/2020 14:49,FALSE,Sheffield Running,5.02,560,00:37:16,152,182,4.1,146,239,07:26,03:31,52,54,0.92,0,0,--,--,0,0,0,--,--,--,37:16:00,00:00,0,00:00,No,00:11.2,6,0
Running,03/01/2020 15:33,FALSE,Sheffield Running,5.19,665,00:41:41,157,187,4.7,137,239,08:01,04:28,89,68,0.91,0,0,--,--,0,0,0,--,--,--,41:41:00,00:00,0,00:00,No,01:00.8,6,0
Treadmill Running,29/10/2019 17:41,FALSE,Treadmill Running,2.02,196,00:12:02,158,167,3,159,165,05:57,05:16,--,--,1.05,0,0,--,--,0,0,0,--,--,--,12:02,00:00,0,00:00,No,00:11.7,3,0
Running,13/08/2019 17:43,FALSE,Sheffield Running,0.45,48,03:08.5,149,162,1.7,153,184,06:59,05:04,8,--,0.94,0,0,--,--,0,0,0,--,--,--,03:08.5,00:00,0,00:00,No,00:00.0,1,0
Running,15/05/2019 17:59,FALSE,Sheffield Running,3.33,289,00:18:36,151,171,3.1,159,171,05:35,04:41,33,26,1.13,0,0,--,--,0,0,0,--,--,--,18:36,00:00,0,00:00,No,02:18.3,4,0
Running,11/05/2019 14:00,FALSE,Sheffield Running,5.04,524,00:30:12,166,188,4.5,154,176,06:00,04:25,32,117,1.08,0,0,--,--,0,0,0,--,--,--,30:12:00,00:00,0,00:00,No,00:13.1,6,0
Running,09/05/2019 18:00,FALSE,Sheffield Running,5,466,00:30:43,148,167,3.4,154,180,06:08,05:02,35,--,1.05,0,0,--,--,0,0,0,--,--,--,30:43:00,00:00,0,00:00,No,00:02.3,6,0
Running,06/05/2019 18:10,FALSE,Sheffield Running,4.21,409,00:28:26,147,175,3.1,150,179,06:45,04:44,55,77,0.98,0,0,--,--,0,0,0,--,--,--,28:26:00,00:00,0,00:00,No,01:24.6,5,0
Running,04/05/2019 11:18,FALSE,Sheffield Running,8.09,692,00:52:02,140,174,3.3,151,199,06:26,04:11,138,160,1.03,0,0,--,--,0,0,0,--,--,--,52:02:00,00:00,0,00:00,No,00:27.1,9,0
Running,02/05/2019 18:41,FALSE,Sheffield Running,5.16,448,00:30:07,147,166,3.4,155,226,05:50,04:13,77,130,1.1,0,0,--,--,0,0,0,--,--,--,30:07:00,00:00,0,00:00,No,01:05.3,6,0
Running,30/04/2019 18:07,FALSE,Sheffield Running,6,565,00:36:47,154,186,3.8,153,196,06:08,04:38,78,94,1.06,0,0,--,--,0,0,0,--,--,--,36:47:00,00:00,0,00:00,No,00:01.7,7,0
Running,26/04/2019 18:17,FALSE,Sheffield Running,8.12,757,00:50:57,149,188,4.1,151,243,06:17,04:02,69,133,1.05,0,0,--,--,0,0,0,--,--,--,50:57:00,00:00,0,00:00,No,00:42.7,9,0
Running,16/04/2019 18:30,FALSE,Sheffield Running,6,485,00:36:01,141,170,3,155,177,06:00,04:21,86,104,1.07,0,0,--,--,0,0,0,--,--,--,36:01:00,00:00,0,00:00,No,00:01.4,7,0
Running,13/04/2019 16:21,FALSE,Sheffield Running,6.01,562,00:35:53,157,179,3.6,154,237,05:58,04:12,95,112,1.09,0,0,--,--,0,0,0,--,--,--,35:53:00,00:00,0,00:00,No,00:03.4,7,0
Running,11/04/2019 18:03,FALSE,Sheffield Running,8.05,807,00:48:53,162,196,4.5,154,237,06:04,04:16,143,162,1.07,0,0,--,--,0,0,0,--,--,--,48:53:00,00:00,0,00:00,No,00:12.5,9,0
Running,09/04/2019 18:33,FALSE,Sheffield Running,5.02,495,00:31:57,156,172,3.3,152,176,06:22,04:31,83,99,1.02,0,0,--,--,0,0,0,--,--,--,31:57:00,00:00,0,00:00,No,00:07.9,6,0
Running,05/04/2019 18:17,FALSE,Sheffield Running,8.02,721,00:53:50,141,182,3.1,150,231,06:43,04:29,135,152,0.99,0,0,--,--,0,0,0,--,--,--,53:50:00,00:00,0,00:00,No,00:09.1,9,0
Running,29/03/2019 18:00,FALSE,Sheffield Running,11,"1,034",01:06:05,156,182,4.1,156,240,06:00,04:23,136,218,1.06,0,0,--,--,0,0,0,--,--,--,01:06:05,00:00,0,00:00,No,00:03.1,12,0
Running,26/03/2019 17:53,FALSE,Sheffield Running,7.02,613,00:42:32,146,171,3.2,157,222,06:04,04:27,121,139,1.04,0,0,--,--,0,0,0,--,--,--,42:32:00,00:00,0,00:00,No,00:08.3,8,0
Running,25/03/2019 18:11,FALSE,Sheffield Running,6.3,593,00:35:28,164,181,3.9,162,182,05:38,04:29,43,129,1.09,0,0,--,--,0,0,0,--,--,--,35:28:00,00:00,0,00:00,No,01:36.7,7,0
Running,22/03/2019 17:51,FALSE,Sheffield Running,3.18,293,00:19:10,153,170,2.9,155,180,06:02,04:06,22,77,1.06,0,0,--,--,0,0,0,--,--,--,19:10,00:00,0,00:00,No,01:52.3,4,0
Running,20/03/2019 18:14,FALSE,Sheffield Running,7.02,725,00:45:08,157,180,4.1,156,230,06:26,04:48,123,140,0.99,0,0,--,--,0,0,0,--,--,--,45:08:00,00:00,0,00:00,No,00:09.1,8,0
Running,15/03/2019 17:18,FALSE,Sheffield - Running,10.02,917,00:58:45,155,186,4.2,156,240,05:52,03:46,138,210,1.09,0,0,--,--,0,0,0,--,--,--,58:45:00,00:00,0,00:00,No,00:05.8,11,0
Running,13/03/2019 18:06,FALSE,Sheffield - Running,10.16,"1,063",01:03:14,162,182,4.8,155,245,06:14,03:56,155,221,1.03,0,0,--,--,0,0,0,--,--,--,01:03:14,00:00,0,00:00,No,01:01.8,11,0
Running,11/03/2019 18:07,FALSE,Sheffield - Running,7.03,733,00:47:03,153,173,3.7,150,226,06:42,04:50,121,139,0.99,0,0,--,--,0,0,0,--,--,--,47:03:00,00:00,0,00:00,No,00:12.1,8,0
Running,08/03/2019 18:17,FALSE,Sheffield - Running,7.12,728,00:45:04,157,180,3.8,151,241,06:20,04:13,130,148,1.04,0,0,--,--,0,0,0,--,--,--,45:04:00,00:00,0,00:00,No,00:42.0,8,0
Running,07/03/2019 18:06,FALSE,Sheffield - Running,5.02,443,00:29:24,148,185,3.2,155,243,05:52,04:12,68,87,1.09,0,0,--,--,0,0,0,--,--,--,29:24:00,00:00,0,00:00,No,00:05.3,6,0
Running,05/03/2019 17:49,FALSE,Sheffield - Running,7.12,708,00:44:10,155,199,4.1,155,240,06:12,04:31,121,138,1.04,0,0,--,--,0,0,0,--,--,--,44:10:00,00:00,0,00:00,No,00:41.0,8,0
Running,03/03/2019 18:14,FALSE,Sheffield - Running,5.01,435,00:30:55,143,175,3.1,153,237,06:10,04:01,66,88,1.05,0,0,--,--,0,0,0,--,--,--,30:55:00,00:00,0,00:00,No,00:05.0,6,0
Running,01/03/2019 17:57,FALSE,Sheffield - Running,7.08,581,00:43:03,140,163,3.2,157,221,06:05,04:16,117,143,1.05,0,0,--,--,0,0,0,--,--,--,43:03:00,00:00,0,00:00,No,00:33.8,8,0
Running,27/02/2019 12:55,FALSE,Sheffield Running,5.04,557,00:33:36,160,189,4.5,150,186,06:40,04:46,124,99,1,0,0,--,--,0,0,0,--,--,--,33:36:00,00:00,0,00:00,No,05:38.7,6,0
Running,20/02/2019 18:05,FALSE,Sheffield Running,7.04,745,00:44:40,160,176,4.6,156,245,06:21,04:09,103,139,1.01,0,0,--,--,0,0,0,--,--,--,44:40:00,00:00,0,00:00,No,05:31.6,8,0
Running,13/02/2019 17:47,FALSE,Sheffield Running,6.03,604,00:37:26,156,180,4,156,240,06:12,04:27,118,139,1.03,0,0,--,--,0,0,0,--,--,--,37:26:00,00:00,0,00:00,No,05:22.8,7,0
Running,12/02/2019 06:37,FALSE,Sheffield Running,6.03,649,00:39:45,158,182,4.2,152,231,06:35,04:42,119,139,1,0,0,--,--,0,0,0,--,--,--,39:45:00,00:00,0,00:00,No,05:33.0,7,0
Running,11/02/2019 17:19,FALSE,Sheffield Running,6.16,660,00:38:21,164,183,4.6,155,175,06:13,04:43,125,147,1.04,0,0,--,--,0,0,0,--,--,--,38:21:00,00:00,0,00:00,No,05:14.3,7,0
Running,09/02/2019 15:29,FALSE,Sheffield Running,5.15,597,00:37:47,155,186,3.9,145,239,07:21,04:35,140,39,0.93,0,0,--,--,0,0,0,--,--,--,37:47:00,00:00,0,00:00,No,05:18.6,6,0
Running,14/11/2018 08:11,FALSE,Bristol Running,5.35,317,00:30:20,121,136,1.7,165,184,05:40,04:00,69,85,1.07,0,0,--,--,0,0,0,--,--,--,30:20:00,00:00,0,00:00,No,00:00.0,6,0
Running,12/11/2018 16:52,FALSE,Bristol Running,7.06,726,00:42:22,161,185,4,159,245,06:00,04:05,94,145,1.04,0,0,--,--,0,0,0,--,--,--,42:22:00,00:00,0,00:00,No,00:00.0,8,0
Running,06/11/2018 16:53,FALSE,Bristol Running,7.22,705,00:42:59,156,178,3.6,159,234,05:57,03:59,97,139,1.05,0,0,--,--,0,0,0,--,--,--,42:59:00,00:00,0,00:00,No,00:00.0,8,0
Running,02/11/2018 16:59,FALSE,Bristol Running,7.15,674,00:40:15,156,184,3.7,161,232,05:38,04:34,101,137,1.1,0,0,--,--,0,0,0,--,--,--,40:15:00,00:00,0,00:00,No,00:00.0,8,0
Running,31/10/2018 20:00,FALSE,Bristol Running,5.34,445,00:30:03,142,181,2.9,159,173,05:38,04:31,71,76,1.11,0,0,--,--,0,0,0,--,--,--,30:03:00,00:00,0,00:00,No,00:00.0,6,0
Running,26/10/2018 18:15,FALSE,Bristol Running,7.13,640,00:42:31,144,174,3.1,158,237,05:58,04:30,90,134,1.06,0,0,--,--,0,0,0,--,--,--,42:31:00,00:00,0,00:00,No,00:00.0,8,0
Running,24/10/2018 18:29,FALSE,Bristol Running,10.06,"1,014",01:02:12,154,172,3.8,157,240,06:11,04:16,117,179,1.03,0,0,--,--,0,0,0,--,--,--,01:02:12,00:00,0,00:00,No,00:00.0,11,0
Running,22/10/2018 18:31,FALSE,Bristol Running,6.04,544,00:33:31,151,177,3.3,163,186,05:33,04:40,74,88,1.1,0,0,--,--,0,0,0,--,--,--,33:31:00,00:00,0,00:00,No,00:00.0,7,0
Running,19/10/2018 18:05,FALSE,Bristol Running,10.71,975,01:00:27,154,182,4.1,161,245,05:39,04:20,137,171,1.1,0,0,--,--,0,0,0,--,--,--,01:00:27,00:00,0,00:00,No,00:00.0,11,0
Running,17/10/2018 18:16,FALSE,Bristol Running,5.41,516,00:31:38,156,169,3.3,159,235,05:51,04:01,74,84,1.07,0,0,--,--,0,0,0,--,--,--,31:38:00,00:00,0,00:00,No,00:00.0,6,0
Running,12/10/2018 18:18,FALSE,Bristol Running,10.51,"1,149",01:04:13,165,186,5,159,235,06:07,04:41,128,174,1.03,0,0,--,--,0,0,0,--,--,--,01:04:13,00:00,0,00:00,No,00:00.0,11,0
Running,10/10/2018 19:18,FALSE,Bristol Running,5.2,537,00:33:46,149,169,3.1,159,231,06:30,05:12,64,89,0.97,0,0,--,--,0,0,0,--,--,--,33:46:00,00:00,0,00:00,No,00:00.0,6,0
Running,08/10/2018 18:01,FALSE,Bristol Running,5.01,488,00:30:43,148,178,3.1,161,180,06:08,04:37,66,91,1.01,0,0,--,--,0,0,0,--,--,--,30:43:00,00:00,0,00:00,No,00:00.0,6,0
Running,05/10/2018 18:32,FALSE,Bristol Running,6.5,602,00:34:16,160,186,3.8,168,245,05:16,03:41,84,116,1.13,0,0,--,--,0,0,0,--,--,--,34:16:00,00:00,0,00:00,No,00:00.0,7,0
Running,03/10/2018 16:49,FALSE,Bristol Running,5.4,526,00:29:50,160,176,3.5,167,176,05:32,04:44,71,82,1.08,0,0,--,--,0,0,0,--,--,--,29:50:00,00:00,0,00:00,No,00:00.0,6,0
Running,01/10/2018 19:11,FALSE,Bristol Running,5.02,503,00:26:38,169,184,3.7,171,205,05:18,03:19,56,80,1.11,0,0,--,--,0,0,0,--,--,--,26:38:00,00:00,0,00:00,No,00:00.0,6,0
Running,29/09/2018 17:45,FALSE,Bristol Running,7.03,706,00:40:31,156,181,3.7,163,245,05:46,04:09,81,134,1.06,0,0,--,--,0,0,0,--,--,--,40:31:00,00:00,0,00:00,No,00:00.0,8,0
Running,27/09/2018 18:12,FALSE,Bristol Running,10.21,"1,102",01:02:04,158,189,4.8,156,239,06:05,04:01,115,179,1.05,0,0,--,--,0,0,0,--,--,--,01:02:04,00:00,0,00:00,No,00:00.0,11,0
Running,25/09/2018 19:16,FALSE,Bristol Running,1.01,106,06:06.1,155,166,2,165,171,06:04,04:36,--,15,1,0,0,--,--,0,0,0,--,--,--,06:06.1,00:00,0,00:00,No,00:00.0,2,0
Running,25/09/2018 18:37,FALSE,Bristol Running,5.31,502,00:28:49,153,173,3.2,166,176,05:26,04:47,84,87,1.11,0,0,--,--,0,0,0,--,--,--,28:49:00,00:00,0,00:00,No,00:00.0,6,0
Running,23/09/2018 18:41,FALSE,Bristol Running,5.21,503,00:27:57,155,170,3.3,168,184,05:22,04:41,69,80,1.11,0,0,--,--,0,0,0,--,--,--,27:57:00,00:00,0,00:00,No,00:00.0,6,0
Running,21/09/2018 17:47,FALSE,Bristol Running,5.34,511,00:29:13,150,167,3.2,165,172,05:28,04:39,77,88,1.11,0,0,--,--,0,0,0,--,--,--,29:13:00,00:00,0,00:00,No,00:00.0,6,0
Running,19/09/2018 18:43,FALSE,Bristol Running,10.21,739,00:58:38,133,167,2.2,162,239,05:44,03:59,125,184,1.08,0,0,--,--,0,0,0,--,--,--,58:38:00,00:00,0,00:00,No,00:00.0,11,0
Running,17/09/2018 19:24,FALSE,Bristol Running,5.19,492,00:29:26,148,172,3.1,165,234,05:40,04:42,77,87,1.07,0,0,--,--,0,0,0,--,--,--,29:26:00,00:00,0,00:00,No,00:00.0,6,0
Running,15/09/2018 09:27,FALSE,Bristol Running,5.41,520,00:32:37,144,164,3,161,226,06:02,02:31,80,91,1.03,0,0,--,--,0,0,0,--,--,--,32:37:00,00:00,0,00:00,No,00:00.0,6,0
Running,13/09/2018 19:24,FALSE,Bristol Running,5.15,437,00:27:57,143,157,2.8,163,235,05:25,04:12,70,81,1.13,0,0,--,--,0,0,0,--,--,--,27:57:00,00:00,0,00:00,No,00:00.0,6,0
Running,11/09/2018 18:42,FALSE,Bristol Running,5.2,399,00:28:04,137,152,2.5,164,179,05:24,04:39,76,89,1.13,0,0,--,--,0,0,0,--,--,--,28:04:00,00:00,0,00:00,No,00:00.0,6,0
Running,09/09/2018 18:19,FALSE,Bristol Running,10.05,"1,067",00:59:36,162,181,4.5,160,243,05:56,04:39,113,178,1.05,0,0,--,--,0,0,0,--,--,--,59:36:00,00:00,0,00:00,No,00:00.0,11,0
Running,07/09/2018 19:23,FALSE,Bristol Running,10.21,"1,153",00:59:43,167,196,5,161,237,05:51,04:45,109,171,1.06,0,0,--,--,0,0,0,--,--,--,59:43:00,00:00,0,00:00,No,00:00.0,11,0
Running,05/09/2018 18:52,FALSE,Bristol Running,5.19,538,00:28:15,165,196,3.9,165,237,05:26,03:58,74,77,1.11,0,0,--,--,0,0,0,--,--,--,28:15:00,00:00,0,00:00,No,00:00.0,6,0
Running,03/09/2018 19:14,FALSE,Bristol Running,5.12,491,00:28:06,153,167,3.3,163,235,05:29,04:42,73,77,1.12,0,0,--,--,0,0,0,--,--,--,28:06:00,00:00,0,00:00,No,00:00.0,6,0
Running,01/09/2018 18:15,FALSE,Swindon Running,5.07,437,00:27:27,145,160,3,166,176,05:25,04:38,10,7,1.11,0,0,--,--,0,0,0,--,--,--,27:27:00,00:00,0,00:00,No,00:00.0,6,0
Running,30/08/2018 18:56,FALSE,Bristol Running,5.06,466,00:28:46,147,174,3.2,164,208,05:41,03:20,81,84,1.07,0,0,--,--,0,0,0,--,--,--,28:46:00,00:00,0,00:00,No,00:00.0,6,0
Running,28/08/2018 14:03,FALSE,Bristol Running,5.05,509,00:29:06,158,181,3.7,165,172,05:46,05:06,71,73,1.05,0,0,--,--,0,0,0,--,--,--,29:06:00,00:00,0,00:00,No,00:00.0,6,0
Running,26/08/2018 17:35,FALSE,Bristol Running,5.01,453,00:30:41,141,181,3,157,191,06:07,04:39,81,92,1.04,0,0,--,--,0,0,0,--,--,--,30:41:00,00:00,0,00:00,No,00:00.0,6,0
Running,24/08/2018 19:14,FALSE,Bristol Running,5.21,535,00:31:03,155,182,3.8,166,226,05:58,05:29,68,77,1.01,0,0,--,--,0,0,0,--,--,--,31:03:00,00:00,0,00:00,No,00:00.0,6,0
Running,22/08/2018 19:21,FALSE,Bristol Running,5.11,475,00:31:38,142,161,3.1,160,245,06:11,04:35,78,90,1.01,0,0,--,--,0,0,0,--,--,--,31:38:00,00:00,0,00:00,No,00:00.0,6,0
Running,20/08/2018 19:14,FALSE,Bristol Running,5.2,529,00:31:54,156,179,3.8,159,176,06:08,04:53,75,86,1.02,0,0,--,--,0,0,0,--,--,--,31:54:00,00:00,0,00:00,No,00:00.0,6,0
Running,18/08/2018 14:52,FALSE,Bristol Running,5.13,470,00:30:00,151,166,3.5,161,177,05:51,04:54,71,80,1.06,0,0,--,--,0,0,0,--,--,--,30:00:00,00:00,0,00:00,No,00:00.0,6,0
Running,15/08/2018 19:17,FALSE,Bristol Running,5.23,500,00:32:12,153,176,3.6,158,178,06:10,04:57,78,87,1.02,0,0,--,--,0,0,0,--,--,--,32:12:00,00:00,0,00:00,No,00:00.0,6,0
Running,13/08/2018 18:28,FALSE,Bristol Running,5.2,546,00:32:35,160,178,4.1,155,236,06:16,04:35,83,94,1.03,0,0,--,--,0,0,0,--,--,--,32:35:00,00:00,0,00:00,No,00:00.0,6,0
Running,11/08/2018 19:35,FALSE,Bristol Running,5.13,504,00:32:11,149,181,3.8,157,237,06:16,04:55,77,89,1.02,0,0,--,--,0,0,0,--,--,--,32:11:00,00:00,0,00:00,No,00:00.0,6,0
Running,09/08/2018 19:01,FALSE,Bristol Running,5.11,493,00:32:50,146,174,3.5,155,171,06:25,05:01,77,82,1,0,0,--,--,0,0,0,--,--,--,32:50:00,00:00,0,00:00,No,00:00.0,6,0
Running,07/08/2018 18:52,FALSE,Bristol Running,5.11,526,00:32:32,152,178,3.9,156,240,06:22,05:18,75,85,1.01,0,0,--,--,0,0,0,--,--,--,32:32:00,00:00,0,00:00,No,00:00.0,6,0
Running,05/08/2018 10:21,FALSE,Bristol Running,4.01,469,00:26:18,162,188,4.2,153,172,06:34,05:05,38,47,0.99,0,0,--,--,0,0,0,--,--,--,26:18:00,00:00,0,00:00,No,00:00.0,5,0
Running,01/06/2018 20:06,FALSE,Bristol Running,5.17,465,00:31:09,142,167,3.4,158,232,06:01,03:50,76,90,1.05,0,0,--,--,0,0,0,--,--,--,31:09:00,00:00,0,00:00,No,00:00.0,6,0
Running,30/05/2018 21:05,FALSE,Bristol Running,5.16,504,00:31:04,152,174,3.9,157,245,06:01,04:22,83,93,1.05,0,0,--,--,0,0,0,--,--,--,31:04:00,00:00,0,00:00,No,00:00.0,6,0
Running,28/05/2018 18:10,FALSE,Bristol Running,3.39,306,00:19:12,149,180,3.3,158,168,05:40,04:47,29,75,1.12,0,0,--,--,0,0,0,--,--,--,19:12,00:00,0,00:00,No,00:00.0,4,0
Running,26/05/2018 16:08,FALSE,Bristol Running,5.17,643,00:37:01,161,187,4.8,149,218,07:10,04:49,77,91,0.93,0,0,--,--,0,0,0,--,--,--,37:01:00,00:00,0,00:00,No,00:00.0,6,0
Treadmill Running,09/05/2018 19:43,FALSE,Treadmill Running,3.02,313,00:17:59,160,175,3.5,161,186,05:57,03:50,--,--,1.04,0,0,--,--,0,0,0,--,--,--,17:59,00:00,0,00:00,No,00:00.0,4,0
Treadmill Running,07/05/2018 19:48,FALSE,Treadmill Running,4.54,451,00:26:44,155,177,3.8,166,177,05:53,04:48,--,--,1.03,0,0,--,--,0,0,0,--,--,--,26:44:00,00:00,0,00:00,No,00:00.0,5,0
Running,29/04/2018 18:11,FALSE,Bristol Running,1.01,80,05:00.8,147,155,2,163,170,04:58,04:11,--,4,1.23,0,0,--,--,0,0,0,--,--,--,05:00.8,00:00,0,00:00,No,00:00.0,2,0
Running,23/04/2018 18:26,FALSE,Bristol Running,5.21,494,00:30:46,150,169,3.6,161,231,05:54,04:44,125,134,1.05,0,0,--,--,0,0,0,--,--,--,30:46:00,00:00,0,00:00,No,00:00.0,6,0
Running,18/04/2018 18:26,FALSE,Bristol Running,0.36,32,02:12.4,142,156,1.3,159,169,06:12,05:39,5,--,1.01,0,0,--,--,0,0,0,--,--,--,02:12.4,00:00,0,00:00,No,00:00.0,1,0
Running,18/04/2018 18:16,FALSE,Bristol Running,1.28,117,07:35.1,144,162,2.1,163,169,05:56,05:09,--,9,1.04,0,0,--,--,0,0,0,--,--,--,07:35.1,00:00,0,00:00,No,00:00.0,2,0
Running,16/04/2018 19:18,FALSE,Bristol Running,5.29,512,00:31:01,156,175,4.1,161,176,05:51,04:58,86,89,1.06,0,0,--,--,0,0,0,--,--,--,31:01:00,00:00,0,00:00,No,00:00.0,6,0
Running,12/04/2018 17:15,FALSE,Bristol Running,5.1,451,00:28:37,157,197,4.8,167,236,05:37,04:49,69,92,1.07,0,0,--,--,0,0,0,--,--,--,28:37:00,00:00,0,00:00,No,00:00.0,6,0
Running,10/04/2018 19:28,FALSE,Bristol Running,5.01,503,00:30:11,163,188,4.6,162,175,06:01,04:38,60,57,1.02,0,0,--,--,0,0,0,--,--,--,30:11:00,00:00,0,00:00,No,00:00.0,6,0
Running,24/03/2018 18:34,FALSE,Bristol Running,5.1,494,00:30:58,157,171,4,163,243,06:05,05:15,81,89,1.01,0,0,--,--,0,0,0,--,--,--,30:58:00,00:00,0,00:00,No,00:00.0,6,0
Running,22/03/2018 18:53,FALSE,Bristol Running,5.2,505,00:30:37,161,190,4.5,165,174,05:53,05:05,73,75,1.03,0,0,--,--,0,0,0,--,--,--,30:37:00,00:00,0,00:00,No,00:00.0,6,0
Running,06/03/2018 18:23,FALSE,Bristol Running,5.01,465,00:30:35,151,172,3.7,162,230,06:06,04:43,73,80,1.01,0,0,--,--,0,0,0,--,--,--,30:35:00,00:00,0,00:00,No,00:00.0,6,0
Running,04/03/2018 17:48,FALSE,Bristol Running,1.01,100,06:02.4,163,173,2.4,166,170,05:59,05:09,25,27,1.01,0,0,--,--,0,0,0,--,--,--,06:02.4,00:00,0,00:00,No,00:00.0,2,0
Running,04/03/2018 16:56,FALSE,Bristol Running,5.09,593,00:33:02,170,194,4.9,160,176,06:29,04:55,60,84,0.96,0,0,--,--,0,0,0,--,--,--,33:02:00,00:00,0,00:00,No,00:00.0,6,0
Running,16/02/2018 18:24,FALSE,Haydon Wick Running,4.02,410,00:25:22,157,175,3.5,162,239,06:19,04:29,12,7,0.98,0,0,--,--,0,0,0,--,--,--,25:22:00,00:00,0,00:00,No,00:00.0,5,0
Treadmill Running,22/01/2018 19:13,FALSE,Treadmill Running,3.01,296,00:20:34,145,165,2.8,161,188,06:50,04:25,--,--,0.9,0,0,--,--,0,0,0,--,--,--,20:34,00:00,0,00:00,No,00:00.0,4,0
Running,20/01/2018 16:42,FALSE,Haydon Wick Running,5.11,546,00:28:52,173,197,5,164,174,05:39,04:48,15,14,1.08,0,0,--,--,0,0,0,--,--,--,28:52:00,00:00,0,00:00,No,00:00.0,6,0
Running,17/01/2018 15:53,FALSE,Haydon Wick Running,5.7,509,00:31:39,153,175,3.8,168,234,05:33,04:30,25,19,1.07,0,0,--,--,0,0,0,--,--,--,31:39:00,00:00,0,00:00,No,00:00.0,6,0
Running,16/01/2018 18:47,FALSE,Haydon Wick Running,5.1,452,00:27:55,156,175,4,167,184,05:29,04:48,17,14,1.1,0,0,--,--,0,0,0,--,--,--,27:55:00,00:00,0,00:00,No,00:00.0,6,0
Running,12/01/2018 16:33,FALSE,Haydon Wick Running,0.82,69,04:15.9,155,162,2,173,190,05:11,03:53,--,--,1.12,0,0,--,--,0,0,0,--,--,--,04:15.9,00:00,0,00:00,No,00:00.0,1,0
Running,06/01/2018 13:44,FALSE,Haydon Wick Running,5.11,432,00:27:29,156,170,3.8,167,234,05:23,04:16,13,12,1.11,0,0,--,--,0,0,0,--,--,--,27:29:00,00:00,0,00:00,No,00:00.0,6,0
Running,23/12/2017 03:17,FALSE,Running,0,--,00:00.2,--,--,--,--,--,--,--,--,--,0,0,0,--,--,0,0,0,--,--,--,00:00.2,00:00,0,00:00,No,00:00.0,1,0
Running,12/12/2017 06:15,FALSE,Running,5.13,449,00:33:35,141,158,2.9,154,171,06:33,04:55,23,18,0.99,0,0,--,--,0,0,0,--,--,--,33:35:00,00:00,0,00:00,No,00:00.0,6,0
Running,04/12/2017 08:44,FALSE,Haydon Wick Running,5.15,469,00:31:15,152,183,3.4,164,240,06:04,04:21,21,25,1,0,0,--,--,0,0,0,--,--,--,31:15:00,00:00,0,00:00,No,00:00.0,6,0
Running,03/12/2017 15:26,FALSE,Haydon Wick Running,5.15,418,00:27:09,159,175,3.4,171,180,05:16,04:24,18,14,1.11,0,0,--,--,0,0,0,--,--,--,27:09:00,00:00,0,00:00,No,00:00.0,6,0
Running,29/11/2017 05:59,FALSE,Bristol Running,1.63,150,00:10:12,149,163,2.2,167,174,06:16,05:37,--,46,0.95,0,0,--,--,0,0,0,--,--,--,10:12,00:00,0,00:00,No,00:00.0,2,0
Running,26/11/2017 11:04,FALSE,Bristol Running,10.11,978,01:01:37,162,188,4.9,162,234,06:05,04:40,144,185,1.01,0,0,--,--,0,0,0,--,--,--,01:01:37,00:00,0,00:00,No,00:00.0,11,0
Running,21/11/2017 18:11,FALSE,Bristol Running,5.16,451,00:30:06,155,174,3.3,164,243,05:50,04:37,95,73,1.05,0,0,--,--,0,0,0,--,--,--,30:06:00,00:00,0,00:00,No,00:00.0,6,0
Running,19/11/2017 13:06,FALSE,Bristol Running,10.29,"1,019",01:05:32,161,181,4.7,161,243,06:22,05:00,139,174,0.98,0,0,--,--,0,0,0,--,--,--,01:05:32,00:00,0,00:00,No,00:00.0,11,0
Running,11/11/2017 13:49,FALSE,Bristol Running,10.2,"1,026",01:09:33,154,176,3.8,154,235,06:49,04:52,139,170,0.95,0,0,--,--,0,0,0,--,--,--,01:09:33,00:00,0,00:00,No,00:00.0,11,0
Running,09/11/2017 17:18,FALSE,Bristol Running,6.03,660,00:41:01,160,182,3.8,160,237,06:48,04:22,108,81,0.92,0,0,--,--,0,0,0,--,--,--,41:01:00,00:00,0,00:00,No,00:00.0,7,0
Running,08/11/2017 06:03,FALSE,Bristol Running,1.7,158,00:10:45,145,162,2.1,165,178,06:19,05:05,--,47,0.96,0,0,--,--,0,0,0,--,--,--,10:45,00:00,0,00:00,No,00:00.0,--,0
Running,07/11/2017 19:01,FALSE,Bristol Running,10.5,"1,043",01:07:14,156,179,4.5,160,226,06:24,04:43,128,161,0.98,0,0,--,--,0,0,0,--,--,--,01:07:14,00:00,0,00:00,No,00:00.0,--,0
Running,04/11/2017 16:50,FALSE,Bristol Running,10.37,"1,051",01:07:19,157,175,4.3,162,217,06:30,04:46,114,141,0.95,0,0,--,--,0,0,0,--,--,--,01:07:19,00:00,0,00:00,No,00:00.0,--,0
Running,03/11/2017 17:12,FALSE,Bristol Running,2.08,202,00:13:49,144,160,2.4,162,180,06:39,05:18,--,45,0.92,0,0,--,--,0,0,0,--,--,--,13:49,00:00,0,00:00,No,00:00.0,--,0
Running,02/11/2017 18:22,FALSE,Bristol Running,5.13,531,00:37:11,145,164,3,157,232,07:15,05:28,48,40,0.88,0,0,--,--,0,0,0,--,--,--,37:11:00,00:00,0,00:00,No,00:00.0,--,0
Running,01/11/2017 05:57,FALSE,Bristol Running,2.01,194,00:13:41,140,153,2.3,165,248,06:47,05:20,--,44,0.89,0,0,--,--,0,0,0,--,--,--,13:41,00:00,0,00:00,No,00:00.0,--,0
Running,31/10/2017 20:14,FALSE,Running,1.08,92,06:34.7,138,141,1.7,172,196,06:05,04:56,--,--,0.96,0,0,--,--,0,0,0,--,--,--,06:34.7,00:00,0,00:00,No,00:00.0,--,0
Running,29/10/2017 12:44,FALSE,Bristol Running,10.15,"1,075",01:03:50,163,182,5,162,243,06:17,04:50,66,96,0.98,0,0,--,--,0,0,0,--,--,--,01:03:50,00:00,0,00:00,No,00:00.0,--,0
Other,27/10/2017 19:00,FALSE,"Aerobics, low impact - MyFitnessPal",0,520,01:00:00,--,--,--,--,--,--,--,--,--,0,0,0,--,--,0,0,0,--,--,--,01:00:00,00:00,0,00:00,No,00:00.0,--,0
Running,26/10/2017 18:04,FALSE,Bristol Running,5.29,567,00:33:01,158,180,4,159,170,06:14,05:04,46,91,1.01,0,0,--,--,0,0,0,--,--,--,33:01:00,00:00,0,00:00,No,00:00.0,--,0
Running,24/10/2017 18:10,FALSE,Bristol Running,5.18,490,00:33:37,155,171,3.9,157,240,06:30,05:12,45,86,0.98,0,0,--,--,0,0,0,--,--,--,33:37:00,00:00,0,00:00,No,00:00.0,--,0
Running,24/10/2017 18:00,FALSE,"Running (jogging), 6 mph (10 min mile) - MyFitnessPal",0,572,00:33:00,--,--,--,--,--,--,--,--,--,0,0,0,--,--,0,0,0,--,--,--,33:00:00,00:00,0,00:00,No,00:00.0,--,0
Walking,23/10/2017 22:00,FALSE,"Walking, 4.0 mph, very brisk pace - MyFitnessPal",0,"1,014",01:57:00,--,--,--,--,--,--,--,--,--,0,0,0,--,--,0,0,0,--,--,--,01:57:00,00:00,0,00:00,No,00:00.0,--,0
Running,22/10/2017 12:09,FALSE,Bristol Running,10.13,"1,020",01:08:36,159,197,5,156,239,06:46,04:54,92,104,0.95,0,0,--,--,0,0,0,--,--,--,01:08:36,00:00,0,00:00,No,00:00.0,--,0
Running,20/10/2017 18:23,FALSE,Bristol Running,6.01,439,00:36:51,135,153,3,156,215,06:08,04:29,70,91,1.04,0,0,--,--,0,0,0,--,--,--,36:51:00,00:00,0,00:00,No,00:00.0,--,0
Running,19/10/2017 19:00,FALSE,Bristol Running,0.71,65,04:29.1,157,174,2,162,172,06:17,04:47,7,--,0.98,0,0,--,--,0,0,0,--,--,--,04:29.1,00:00,0,00:00,No,00:00.0,--,0
Running,18/10/2017 18:21,FALSE,Bristol Running,6.02,399,00:38:25,128,141,2.3,156,169,06:23,05:07,72,90,1,0,0,--,--,0,0,0,--,--,--,38:25:00,00:00,0,00:00,No,00:00.0,--,0
Running,16/10/2017 18:00,FALSE,Bristol Running,4.24,454,00:30:18,159,184,4.1,147,245,07:09,04:23,46,81,0.95,0,0,--,--,0,0,0,--,--,--,30:18:00,00:00,0,00:00,No,00:00.0,--,0
Running,12/10/2017 17:50,FALSE,Bristol Running,6.01,541,00:37:52,153,181,4,154,229,06:18,04:10,76,89,1.03,0,0,--,--,0,0,0,--,--,--,37:52:00,00:00,0,00:00,No,00:00.0,--,0
Running,10/10/2017 18:12,FALSE,Bristol Running,5.02,470,00:33:43,150,190,3.7,153,248,06:43,04:16,56,72,0.97,0,0,--,--,0,0,0,--,--,--,33:43:00,00:00,0,00:00,No,00:00.0,--,0
Running,27/09/2017 06:16,FALSE,Dublin 10 Running,5.01,424,00:30:03,153,185,3.4,162,177,06:00,04:34,21,17,1.02,0,0,--,--,0,0,0,--,--,--,30:03:00,00:00,0,00:00,No,00:00.0,--,0
Running,23/09/2017 18:52,FALSE,Bristol Running,0.21,23,01:44.4,150,165,1.2,158,235,08:15,05:05,23,--,0.77,0,0,--,--,0,0,0,--,--,--,01:44.4,00:00,0,00:00,No,00:00.0,--,0
Running,23/09/2017 17:52,FALSE,Bristol Running,7.1,652,00:46:17,154,176,4,156,230,06:31,04:40,75,71,0.98,0,0,--,--,0,0,0,--,--,--,46:17:00,00:00,0,00:00,No,00:00.0,--,0
Running,22/09/2017 07:16,FALSE,Regent's Park Ward Running,5.1,438,00:31:10,154,178,3.6,168,176,06:06,05:04,21,16,0.97,0,0,--,--,0,0,0,--,--,--,31:10:00,00:00,0,00:00,No,00:00.0,--,0
Running,20/09/2017 18:36,FALSE,Regent's Park Ward Running,5.02,435,00:32:47,148,192,3.4,159,236,06:32,03:44,9,12,0.96,0,0,--,--,0,0,0,--,--,--,32:47:00,00:00,0,00:00,No,00:00.0,--,0
Running,18/09/2017 18:50,FALSE,Bristol Running,2.51,189,00:15:30,139,163,2.3,158,184,06:11,04:28,35,27,1.02,0,0,--,--,0,0,0,--,--,--,15:30,00:00,0,00:00,No,00:00.0,--,0
Running,14/09/2017 20:09,FALSE,Bristol Running,0.22,21,01:38.5,154,165,1.3,163,179,07:32,04:02,30,--,0.81,0,0,--,--,0,0,0,--,--,--,01:38.5,00:00,0,00:00,No,00:00.0,--,0
Running,14/09/2017 19:20,FALSE,Bristol Running,5.4,447,00:35:27,145,179,3.3,155,170,06:34,04:50,56,54,0.98,0,0,--,--,0,0,0,--,--,--,35:27:00,00:00,0,00:00,No,00:00.0,--,0
Running,12/09/2017 18:57,FALSE,Bristol Running,3.66,318,00:25:02,147,176,3.1,151,242,06:50,04:41,50,48,0.96,0,0,--,--,0,0,0,--,--,--,25:02:00,00:00,0,00:00,No,00:00.0,--,0
Running,10/09/2017 12:37,FALSE,Bristol Running,2.53,220,00:16:08,157,171,3,156,222,06:23,04:32,32,31,1,0,0,--,--,0,0,0,--,--,--,16:08,00:00,0,00:00,No,00:00.0,--,0
Running,08/09/2017 20:21,FALSE,Bristol Running,0.21,20,02:06.8,153,168,1.3,142,173,10:10,05:16,28,--,0.69,0,0,--,--,0,0,0,--,--,--,02:06.8,00:00,0,00:00,No,00:00.0,--,0
Running,08/09/2017 19:34,FALSE,Bristol Running,5.11,333,00:33:16,153,189,3.8,153,240,06:30,04:37,57,56,1,0,0,--,--,0,0,0,--,--,--,33:16:00,00:00,0,00:00,No,00:00.0,--,0
Running,06/09/2017 18:55,FALSE,Bristol Running,4.13,294,00:28:01,159,185,3.8,152,245,06:47,05:01,57,53,0.97,0,0,--,--,0,0,0,--,--,--,28:01:00,00:00,0,00:00,No,00:00.0,--,0
Running,04/09/2017 18:36,FALSE,Bristol Running,3.73,261,00:25:00,160,187,3.7,154,242,06:42,04:51,48,47,0.96,0,0,--,--,0,0,0,--,--,--,25:00:00,00:00,0,00:00,No,00:00.0,--,0
Running,31/08/2017 19:42,FALSE,Bristol Running,2.77,197,00:18:27,164,192,3.5,152,240,06:40,05:12,46,27,0.98,0,0,--,--,0,0,0,--,--,--,18:27,00:00,0,00:00,No,00:00.0,--,0
Running,31/08/2017 00:32,FALSE,Bristol Running,0,--,00:09.3,66,66,1,--,--,--,--,--,--,0,0,0,--,--,0,0,0,--,--,--,00:09.3,00:00,0,00:00,No,00:00.0,--,0
Running,29/08/2017 11:53,FALSE,Haydon Wick Running,5.06,554,00:36:37,156,181,4.4,152,234,07:14,05:24,14,12,0.9,0,0,--,--,0,0,0,--,--,--,36:37:00,00:00,0,00:00,No,00:00.0,--,0
Other,25/08/2017 20:04,FALSE,Bristol Other,1.14,150,00:19:14,109,149,1.6,124,171,3.6,11.4,43,22,0.48,0,0,--,--,0,0,0,--,--,--,19:14,00:00,0,00:00,No,00:00.0,--,0
Running,25/08/2017 19:45,FALSE,Bristol Running,2.51,254,00:17:53,146,176,3,151,222,07:08,05:07,7,--,0.92,0,0,--,--,0,0,0,--,--,--,17:53,00:00,0,00:00,No,00:00.0,--,0
Running,23/08/2017 19:34,FALSE,Bristol Running,3.87,417,00:28:30,149,169,4,151,237,07:22,05:30,73,46,0.9,0,0,--,--,0,0,0,--,--,--,28:30:00,00:00,0,00:00,No,00:00.0,--,0
Running,21/08/2017 07:33,FALSE,Bristol Running,3.66,240,00:25:56,145,182,3.6,150,177,07:05,05:20,42,41,0.94,0,0,--,--,0,0,0,--,--,--,25:56:00,00:00,0,00:00,No,00:00.0,--,0
Other,18/08/2017 17:58,FALSE,Other,0,55,09:01.9,114,118,1.4,127,137,--,--,--,--,0,0,0,--,--,0,0,0,--,--,--,09:01.9,00:00,0,00:00,No,00:00.0,--,0
Other,17/08/2017 18:32,FALSE,Bristol Other,1.58,190,00:19:53,148,168,3.3,148,232,4.8,14.5,32,--,0.54,0,0,--,--,0,0,0,--,--,--,19:53,00:00,0,00:00,No,00:00.0,--,0
Other,16/08/2017 17:08,FALSE,Bristol Other,1.78,195,00:37:48,111,156,1.9,116,129,2.8,7,38,34,0.41,0,0,--,--,0,0,0,--,--,--,37:48:00,00:00,0,00:00,No,00:00.0,--,0
Running,15/08/2017 20:03,TRUE,Bristol Running,4.03,261,00:25:56,156,186,4.5,150,234,06:26,03:55,51,50,1.04,0,0,--,--,0,0,0,--,--,--,25:56:00,00:00,0,00:00,No,00:00.0,--,0
Running,13/08/2017 17:19,FALSE,Bristol Running,2.5,206,00:21:46,150,172,3.6,137,235,08:42,04:44,29,3,0.83,0,0,--,--,0,0,0,--,--,--,21:46,00:00,0,00:00,No,00:00.0,--,0
Running,12/08/2017 14:11,FALSE,Bristol Running,3.7,290,00:26:57,162,186,4.6,145,235,07:17,05:00,36,37,0.94,0,0,--,--,0,0,0,--,--,--,26:57:00,00:00,0,00:00,No,00:00.0,--,0
Running,11/08/2017 15:53,FALSE,Bristol Running,1.47,177,00:17:27,152,187,3.3,123,248,11:51,05:50,41,21,0.69,0,0,--,--,0,0,0,--,--,--,17:27,00:00,0,00:00,No,00:00.0,--,0
Other,07/07/2017 08:58,FALSE,Bristol Other,0.04,1,00:30.7,97,110,1,116,116,4.6,30.1,--,--,0.75,0,0,--,--,0,0,0,--,--,--,00:30.7,00:00,0,00:00,No,00:00.0,--,0
Other,06/07/2017 17:47,FALSE,Bristol Other,1.99,127,00:24:00,109,123,1.6,121,134,5,10,10,19,0.68,0,0,--,--,0,0,0,--,--,--,24:00:00,00:00,0,00:00,No,00:00.0,--,0
Other,05/07/2017 18:22,FALSE,Bristol Other,3.58,270,00:53:37,110,127,2.1,120,140,4,10.9,8,58,0.56,0,0,--,--,0,0,0,--,--,--,53:37:00,00:00,0,00:00,No,00:00.0,--,0
Other,03/07/2017 15:26,FALSE,Walking ,1.98,173,00:29:49,117,158,2.1,122,172,4,10.8,5,5,0.55,0,0,--,--,0,0,0,--,--,--,29:49:00,00:00,0,00:00,No,00:00.0,--,0
Running,02/07/2017 12:38,FALSE,Haydon Wick Running,5.04,417,00:39:07,159,189,4.8,145,248,07:45,05:33,16,14,0.89,0,0,--,--,0,0,0,--,--,--,39:07:00,00:00,0,00:00,No,00:00.0,--,0
Running,03/06/2017 17:15,FALSE,Running,0.01,--,00:11.4,78,78,1,118,118,15:44,12:24,--,--,0.54,0,0,--,--,0,0,0,--,--,--,00:11.4,00:00,0,00:00,No,00:00.0,--,0
Running,14/05/2017 10:57,FALSE,Priory Vale Ward Running,2.15,145,00:14:12,151,170,3.1,156,182,06:36,03:55,3,2,0,0,0,--,--,0,0,0,--,--,--,14:12,00:00,0,00:00,No,00:00.0,--,0
Running,13/05/2017 11:35,FALSE,Blunsdon St. Andrew Running,3.37,204,00:21:46,143,174,3.3,157,176,06:28,04:20,--,12,0,0,0,--,--,0,0,0,--,--,--,21:46,00:00,0,00:00,No,00:00.0,--,0
Running,07/05/2017 16:35,FALSE,Haydon Wick Running,3.62,281,00:26:33,155,181,4.1,150,215,07:19,04:54,4,4,0,0,0,--,--,0,0,0,--,--,--,26:33:00,00:00,0,00:00,No,00:00.0,--,0
Running,17/04/2017 12:49,FALSE,Haydon Wick Running,2.29,182,00:16:06,163,173,3.6,153,172,07:01,05:27,7,10,0.93,0,0,--,--,0,0,0,--,--,--,16:06,00:00,0,00:00,No,00:00.0,--,0
Running,14/04/2017 07:26,FALSE,Haydon Wick Running,2.73,193,00:17:11,160,186,3.8,163,172,06:18,05:19,17,15,0.98,0,0,--,--,0,0,0,--,--,--,17:11,00:00,0,00:00,No,00:00.0,--,0
Cycling,05/04/2017 06:54,FALSE,Cycling,9.37,274,00:28:44,144,182,3.9,--,--,19.6,35.1,41,58,0,0,0,--,--,0,0,0,--,--,--,28:44:00,00:00,0,00:00,No,00:00.0,--,0
Other,14/03/2017 06:19,FALSE,Other,2.64,288,00:51:06,119,188,2.9,--,--,3.1,11.7,6,20,0,0,0,--,--,0,0,0,--,--,--,51:06:00,00:00,0,00:00,No,00:00.0,--,0
Running,14/03/2017 05:53,FALSE,Running,3.12,280,00:24:56,161,198,4.3,144,242,07:59,05:16,48,24,0.87,0,0,--,--,0,0,0,--,--,--,24:56:00,00:00,0,00:00,No,00:00.0,--,0
Cycling,12/03/2017 06:27,FALSE,Cycling,31.75,921,01:38:33,156,184,5,--,--,19.3,45,123,124,0,0,0,69,99,0,0,0,5789,--,--,01:38:33,00:00,0,00:00,No,00:00.0,--,0
Running,11/03/2017 06:27,FALSE,Running,2.68,217,00:20:25,152,185,3.4,147,235,07:37,03:49,34,5,0.89,0,0,--,--,0,0,0,--,--,--,20:25,00:00,0,00:00,No,00:00.0,--,0
Running,27/01/2017 05:55,FALSE,Running,2.99,234,00:21:12,157,183,3.5,154,248,07:05,04:54,45,13,0.92,0,0,--,--,0,0,0,--,--,--,21:12,00:00,0,00:00,No,00:00.0,--,0
Running,27/12/2016 10:20,FALSE,Haydon Wick Running,5.02,387,00:35:44,153,180,4.1,155,174,07:07,04:50,17,14,0.9,0,0,--,--,0,0,0,--,--,--,35:44:00,00:00,0,00:00,No,00:00.0,--,0
Running,26/12/2016 19:11,FALSE,Haydon Wick Running,0.03,1,00:26.9,84,91,1,118,118,14:08,11:01,--,--,0.6,0,0,--,--,0,0,0,--,--,--,00:26.9,00:00,0,00:00,No,00:00.0,--,0
Running,25/12/2016 08:43,FALSE,Haydon Wick Running,3.33,265,00:19:12,171,195,4,166,174,05:46,04:36,8,8,1.04,0,0,--,--,0,0,0,--,--,--,19:12,00:00,0,00:00,No,00:00.0,--,0
